Id,Designator,Package,Quantity,Designation,Manufacturer,Manufacturer Part Number
1,"SW1, SW2",SW_SPDT_PCM12,1,SW_SPDT,Daier,MSK-12C02
2,BT1,BatteryHolder_CR2032_SMT,1,CR2032,Hongkong RTL,BK-912
3,"D3,D4,D5,D6,D2,D1",LED_1204_RTA_2P,6,LED,Lite-On,LTST-S110KRKT
4,"R3,R8",R_1206_3216Metric_Pad1.30x1.75mm_HandSolder,2,10k,Yageo,RC1206FR-0710KL
5,"R1,R2,R5,R6,R7,R4",R_1206_3216Metric_Pad1.30x1.75mm_HandSolder,6,470,Yageo,RC1206FR-07470RL
6,U1,SOT-23-6_Handsoldering,1,ATtiny4-TS-PROG,Microchip,ATTINY4-TSHR
7,C1,C_1206_3216Metric_Pad1.33x1.80mm_HandSolder,1,0.1,Yageo,CC1206KKX7RDBB102
8,"Q1,Q2",SOT-23-3,2,Q_NMOS_GSD,AllPower,AP2302B
,,,,,,
,Do Not Populate:,,,,,
,J1,CONN-ISP-POGO-SMT,1,AVR-ISP-6,,
,G4,WhitenoMouth,1,LOGO,,
,G6,Alpenglow_Logo_Horiz_8mm,1,LOGO,,
,G5,GoldwithTeeth,1,LOGO,,
,G2,Red,1,LOGO,,
,G3,Red-back,1,LOGO,,
,"REF**,REF**,REF**,REF**",HOLE_WEARABLE_KRAMPUS,4,HOLE_WEARABLE_KRAMPUS,,
